{
  "experiment": "exp06_cross_regional_macro",
  "timestamp_utc": "2026-04-28T20:40:25.879960Z",
  "preview_deviations": [
    "Catalog M_min=2.5 (pre-reg=1.5; computational practicality)",
    "Null C skipped (catalog-only, no waveforms)"
  ],
  "params": {
    "window_days": 30,
    "target_M_min": 4.5,
    "catalog_M_min": 2.5,
    "zbz_log_eta_threshold": -5.0,
    "n_null_a": 200,
    "n_null_b": 200,
    "n_boot": 1000,
    "n_perm": 1000
  },
  "n_regions": 4,
  "region_results": [
    {
      "region": "California",
      "mc": 2.75,
      "mc_diag": {
        "mc_raw": 2.55,
        "mc_woessner": 2.75,
        "mc_grid": [
          2.5,
          2.7,
          2.9,
          3.1,
          3.3,
          3.5
        ],
        "b_at_mc_grid": [
          0.9158589329746873,
          0.9220058742027663,
          0.9244782682397756,
          0.9142892532023057,
          0.9527963305447817,
          0.9669140626766471
        ]
      },
      "n_total": 37777,
      "n_background": 16868,
      "n_targets_all": 329,
      "n_targets_background": 116,
      "n_precursor": 25,
      "n_precursor_rejected": 91,
      "n_null_a": 200,
      "n_null_b": 200,
      "auc_table": {
        "b__null_A": {
          "auc": 0.5135309278350515,
          "ci_lo": 0.40548754295532646,
          "ci_hi": 0.6265088058419244,
          "perm_z": 0.21967215466942502,
          "perm_p": 0.826126492315207,
          "n_p": 24.0,
          "n_q": 194.0
        },
        "b_drift_per_day__null_A": {
          "auc": 0.4993131868131868,
          "ci_lo": 0.37833104395604394,
          "ci_hi": 0.617691163003663,
          "perm_z": 0.07372907649660432,
          "perm_p": 0.9412259620489323,
          "n_p": 24.0,
          "n_q": 182.0
        },
        "benioff_total_log10__null_A": {
          "auc": 0.4414,
          "ci_lo": 0.322,
          "ci_hi": 0.561,
          "perm_z": -0.9737434982660627,
          "perm_p": 0.33018391364930766,
          "n_p": 25.0,
          "n_q": 200.0
        },
        "benioff_curv__null_A": {
          "auc": 0.3942,
          "ci_lo": 0.282785,
          "ci_hi": 0.504205,
          "perm_z": -1.6506796053732204,
          "perm_p": 0.09880401439792674,
          "n_p": 25.0,
          "n_q": 200.0
        },
        "n_above_mc__null_A": {
          "auc": 0.4318,
          "ci_lo": 0.32258,
          "ci_hi": 0.5486399999999999,
          "perm_z": -1.1346065226476698,
          "perm_p": 0.2565402189892505,
          "n_p": 25.0,
          "n_q": 200.0
        },
        "b__null_B": {
          "auc": 0.4288194444444444,
          "ci_lo": 0.3144476996527778,
          "ci_hi": 0.5449435763888889,
          "perm_z": -1.1961884770045024,
          "perm_p": 0.2316230165358688,
          "n_p": 24.0,
          "n_q": 192.0
        },
        "b_drift_per_day__null_B": {
          "auc": 0.5500465549348231,
          "ci_lo": 0.4259776536312849,
          "ci_hi": 0.6669285381750466,
          "perm_z": 0.7298358501573439,
          "perm_p": 0.4654905279958035,
          "n_p": 24.0,
          "n_q": 179.0
        },
        "benioff_total_log10__null_B": {
          "auc": 0.6214,
          "ci_lo": 0.497575,
          "ci_hi": 0.7324050000000001,
          "perm_z": 1.9910908948930608,
          "perm_p": 0.04647089528126802,
          "n_p": 25.0,
          "n_q": 200.0
        },
        "benioff_curv__null_B": {
          "auc": 0.333,
          "ci_lo": 0.219795,
          "ci_hi": 0.45311499999999993,
          "perm_z": -2.7646409780889356,
          "perm_p": 0.00569854769707745,
          "n_p": 25.0,
          "n_q": 200.0
        },
        "n_above_mc__null_B": {
          "auc": 0.5974,
          "ci_lo": 0.47297999999999996,
          "ci_hi": 0.70683,
          "perm_z": 1.5991522957761939,
          "perm_p": 0.10978676708715396,
          "n_p": 25.0,
          "n_q": 200.0
        }
      }
    },
    {
      "region": "Cascadia",
      "mc": 2.95,
      "mc_diag": {
        "mc_raw": 2.75,
        "mc_woessner": 2.95,
        "mc_grid": [
          2.5,
          2.7,
          2.9,
          3.1,
          3.3,
          3.5
        ],
        "b_at_mc_grid": [
          0.6192367422951794,
          0.6149516512073163,
          0.5928104700055279,
          0.5623848575133219,
          0.5641166574692709,
          0.5938035310674286
        ]
      },
      "n_total": 9945,
      "n_background": 5768,
      "n_targets_all": 535,
      "n_targets_background": 277,
      "n_precursor": 4,
      "n_precursor_rejected": 273,
      "n_null_a": 23,
      "n_null_b": 200,
      "auc_table": {
        "b__null_A": {
          "auc": NaN,
          "ci_lo": NaN,
          "ci_hi": NaN,
          "perm_z": NaN,
          "perm_p": NaN,
          "n_p": 0.0,
          "n_q": 0.0
        },
        "b_drift_per_day__null_A": {
          "auc": NaN,
          "ci_lo": NaN,
          "ci_hi": NaN,
          "perm_z": NaN,
          "perm_p": NaN,
          "n_p": 0.0,
          "n_q": 0.0
        },
        "benioff_total_log10__null_A": {
          "auc": 0.14130434782608695,
          "ci_lo": 0.0,
          "ci_hi": 0.391304347826087,
          "perm_z": -2.2293298714495546,
          "perm_p": 0.025791964519700672,
          "n_p": 4.0,
          "n_q": 23.0
        },
        "benioff_curv__null_A": {
          "auc": 0.43478260869565216,
          "ci_lo": 0.2391304347826087,
          "ci_hi": 0.6415760869565215,
          "perm_z": -0.388620556400597,
          "perm_p": 0.6975568580096339,
          "n_p": 4.0,
          "n_q": 23.0
        },
        "n_above_mc__null_A": {
          "auc": 0.13043478260869565,
          "ci_lo": 0.0,
          "ci_hi": 0.391304347826087,
          "perm_z": -2.2687059421036384,
          "perm_p": 0.023286214018316098,
          "n_p": 4.0,
          "n_q": 23.0
        },
        "b__null_B": {
          "auc": NaN,
          "ci_lo": NaN,
          "ci_hi": NaN,
          "perm_z": NaN,
          "perm_p": NaN,
          "n_p": 0.0,
          "n_q": 0.0
        },
        "b_drift_per_day__null_B": {
          "auc": NaN,
          "ci_lo": NaN,
          "ci_hi": NaN,
          "perm_z": NaN,
          "perm_p": NaN,
          "n_p": 0.0,
          "n_q": 0.0
        },
        "benioff_total_log10__null_B": {
          "auc": 0.42125,
          "ci_lo": 0.11,
          "ci_hi": 0.77378125,
          "perm_z": -0.548878914063222,
          "perm_p": 0.5830885495930744,
          "n_p": 4.0,
          "n_q": 200.0
        },
        "benioff_curv__null_B": {
          "auc": 0.60875,
          "ci_lo": 0.45,
          "ci_hi": 0.77378125,
          "perm_z": 0.7707065760614691,
          "perm_p": 0.44088087320944935,
          "n_p": 4.0,
          "n_q": 200.0
        },
        "n_above_mc__null_B": {
          "auc": 0.4375,
          "ci_lo": 0.09865625000000001,
          "ci_hi": 0.7375,
          "perm_z": -0.5083705168789195,
          "perm_p": 0.6111935251793561,
          "n_p": 4.0,
          "n_q": 200.0
        }
      }
    },
    {
      "region": "Turkey",
      "mc": 3.5,
      "mc_diag": {
        "mc_raw": 3.1500000000000004,
        "mc_woessner": 3.3500000000000005,
        "mc_grid": [
          2.5,
          2.7,
          2.9,
          3.1,
          3.3,
          3.5
        ],
        "b_at_mc_grid": [
          0.34150312052206155,
          0.3965741518312073,
          0.45613722008437063,
          0.5163916360943717,
          0.5613076723988004,
          0.6088941213230208
        ]
      },
      "n_total": 6894,
      "n_background": 3955,
      "n_targets_all": 849,
      "n_targets_background": 389,
      "n_precursor": 2,
      "n_precursor_rejected": 387,
      "n_null_a": 74,
      "n_null_b": 200,
      "auc_table": {
        "b__null_A": {
          "auc": NaN,
          "ci_lo": NaN,
          "ci_hi": NaN,
          "perm_z": NaN,
          "perm_p": NaN,
          "n_p": 0.0,