{
  "experiment": "exp02_parkfield_declustered",
  "timestamp_utc": "2026-04-28T16:28:55.858790Z",
  "catalog": {
    "n_total": 15732,
    "n_declustered": 13990,
    "n_decl_pre2004": 3141
  },
  "declustering": {
    "method": "Zaliapin & Ben-Zion 2013",
    "b_input_to_zbz": 0.9,
    "d_f": 1.6,
    "p": 0.5,
    "q": 0.5,
    "log_eta_threshold": -6.785458029168451,
    "n_background": 13990,
    "n_clustered": 1742
  },
  "bvalue_table": {
    "full": {
      "Mc=1.00": {
        "b": 0.7390551300697544,
        "b_se": 0.004757292995011213,
        "ci_lo": 0.7299455224177658,
        "ci_hi": 0.7492275441076546,
        "n_above_mc": 15732
      },
      "Mc=1.15": {
        "b": 0.7589148887010442,
        "b_se": 0.005509702944976306,
        "ci_lo": 0.7486638700923804,
        "ci_hi": 0.769560118197914,
        "n_above_mc": 12179
      },
      "Mc=1.25": {
        "b": 0.7932973657521458,
        "b_se": 0.00634904181230454,
        "ci_lo": 0.7813262882808795,
        "ci_hi": 0.8052228847187408,
        "n_above_mc": 10518
      },
      "Mc=1.35": {
        "b": 0.8129739264683659,
        "b_se": 0.007121246302628675,
        "ci_lo": 0.79924708300837,
        "ci_hi": 0.8269217818042457,
        "n_above_mc": 8833
      },
      "Mc=1.50": {
        "b": 0.8550449908223762,
        "b_se": 0.00875814934203591,
        "ci_lo": 0.8381296709685564,
        "ci_hi": 0.8746091294204473,
        "n_above_mc": 6803
      }
    },
    "declustered": {
      "Mc=1.00": {
        "b": 0.7535028489078396,
        "b_se": 0.005134323274637832,
        "ci_lo": 0.7438574975976782,
        "ci_hi": 0.7637396582451519,
        "n_above_mc": 13990
      },
      "Mc=1.15": {
        "b": 0.7761984851118752,
        "b_se": 0.0059935201065654375,
        "ci_lo": 0.7650202673007475,
        "ci_hi": 0.7877163949365134,
        "n_above_mc": 10798
      },
      "Mc=1.25": {
        "b": 0.8119680078097127,
        "b_se": 0.006932195785022495,
        "ci_lo": 0.7984483573406808,
        "ci_hi": 0.82577255485419,
        "n_above_mc": 9288
      },
      "Mc=1.35": {
        "b": 0.8334823278264143,
        "b_se": 0.007822781391922693,
        "ci_lo": 0.8205968431693176,
        "ci_hi": 0.8492609015663141,
        "n_above_mc": 7772
      },
      "Mc=1.50": {
        "b": 0.8805663210842254,
        "b_se": 0.00976299116618475,
        "ci_lo": 0.8633243250264568,
        "ci_hi": 0.8988785630179208,
        "n_above_mc": 5958
      }
    },
    "decl_pre2004": {
      "Mc=1.00": {
        "b": 0.7233635420819353,
        "b_se": 0.009992701590719778,
        "ci_lo": 0.7042276917335266,
        "ci_hi": 0.7438238386979916,
        "n_above_mc": 3141
      },
      "Mc=1.15": {
        "b": 0.7348133744798699,
        "b_se": 0.01117562120572364,
        "ci_lo": 0.7121153003267318,
        "ci_hi": 0.7562612682719212,
        "n_above_mc": 2415
      },
      "Mc=1.25": {
        "b": 0.7767023654036176,
        "b_se": 0.01292770316437717,
        "ci_lo": 0.7486721840566759,
        "ci_hi": 0.8027924994761197,
        "n_above_mc": 2122
      },
      "Mc=1.35": {
        "b": 0.7953670949633491,
        "b_se": 0.014239855472247771,
        "ci_lo": 0.7662507427047183,
        "ci_hi": 0.820565933933845,
        "n_above_mc": 1786
      },
      "Mc=1.50": {
        "b": 0.8535372098926735,
        "b_se": 0.017562259061101163,
        "ci_lo": 0.8197499896892981,
        "ci_hi": 0.8903745105815605,
        "n_above_mc": 1412
      }
    }
  },
  "calibration_gates_at_Mc_1p35": {
    "full": {
      "b": 0.8129739264683659,
      "rel_err": 0.09669563725737129,
      "in_ci": false,
      "passed": true
    },
    "declustered": {
      "b": 0.8334823278264143,
      "rel_err": 0.07390852463731748,
      "in_ci": false,
      "passed": true
    },
    "decl_pre2004": {
      "b": 0.7953670949633491,
      "rel_err": 0.11625878337405655,
      "in_ci": false,
      "passed": false
    }
  },
  "headline_decl_pre2004_b_at_Mc_1p35": 0.7953670949633491
}